{"cameraMode":{"drawMode":0,"name":"Shaded","section":"Shading Mode"},"sceneLighting":false,"audioPlay":false,"sceneViewState":{"showFog":true,"showMaterialUpdate":false,"showSkybox":false,"showFlares":true,"showImageEffects":true,"showParticleSystems":true},"in2DMode":false,"pivot":{"x":-0.06240105628967285,"y":0.645332932472229,"z":0.2374211549758911},"rotation":{"x":0.2525216341018677,"y":-0.0179783683270216,"z":0.004620435182005167,"w":0.9674952626228333},"size":2.101684331893921,"orthographic":false}