{"cameraMode":{"drawMode":0,"name":"Shaded","section":"Shading Mode"},"sceneLighting":false,"audioPlay":false,"sceneViewState":{"showFog":true,"showMaterialUpdate":false,"showSkybox":false,"showFlares":true,"showImageEffects":true,"showParticleSystems":true},"in2DMode":false,"pivot":{"x":-0.04876887798309326,"y":0.18927380442619325,"z":0.021344900131225587},"rotation":{"x":0.2525216341018677,"y":-0.0179783683270216,"z":0.004620435182005167,"w":0.9674952626228333},"size":1.4824663400650025,"orthographic":false}