{"cameraMode":{"drawMode":0,"name":"Shaded","section":"Shading Mode"},"sceneLighting":false,"audioPlay":false,"sceneViewState":{"showFog":true,"showMaterialUpdate":false,"showSkybox":false,"showFlares":true,"showImageEffects":true,"showParticleSystems":true},"in2DMode":false,"pivot":{"x":-6.688163757324219,"y":0.7503259181976318,"z":2.149933338165283},"rotation":{"x":-0.037095483392477038,"y":0.8906327486038208,"z":-0.07393133640289307,"w":-0.4471939504146576},"size":3.8590104579925539,"orthographic":false}