{"cameraMode":{"drawMode":0,"name":"Shaded","section":"Shading Mode"},"sceneLighting":false,"audioPlay":false,"sceneViewState":{"showFog":true,"showMaterialUpdate":false,"showSkybox":false,"showFlares":true,"showImageEffects":true,"showParticleSystems":true},"in2DMode":false,"pivot":{"x":1.0813102722167969,"y":0.7998673915863037,"z":0.7744021415710449},"rotation":{"x":0.2641758918762207,"y":-0.10017579793930054,"z":0.02750290557742119,"w":0.9589455127716065},"size":2.5839548110961916,"orthographic":false}