{"cameraMode":{"drawMode":0,"name":"Shaded","section":"Shading Mode"},"sceneLighting":true,"audioPlay":false,"sceneViewState":{"showFog":true,"showMaterialUpdate":false,"showSkybox":true,"showFlares":true,"showImageEffects":true,"showParticleSystems":true},"in2DMode":false,"pivot":{"x":0.32483744621276858,"y":-7.5389909744262699,"z":18.316232681274415},"rotation":{"x":-0.22924788296222688,"y":-0.008491233922541142,"z":0.0019883685745298864,"w":-0.9733508229255676},"size":18.093538284301759,"orthographic":false}