{"cameraMode":{"drawMode":0,"name":"Shaded","section":"Shading Mode"},"sceneLighting":false,"audioPlay":false,"sceneViewState":{"showFog":true,"showMaterialUpdate":false,"showSkybox":false,"showFlares":true,"showImageEffects":true,"showParticleSystems":true},"in2DMode":false,"pivot":{"x":0.03029954433441162,"y":0.5945663452148438,"z":0.33896148204803469},"rotation":{"x":0.2525216341018677,"y":-0.0179783683270216,"z":0.004620435182005167,"w":0.9674952626228333},"size":2.174189567565918,"orthographic":false}