{"cameraMode":{"drawMode":0,"name":"Shaded","section":"Shading Mode"},"sceneLighting":false,"audioPlay":false,"sceneViewState":{"showFog":true,"showMaterialUpdate":false,"showSkybox":false,"showFlares":true,"showImageEffects":true,"showParticleSystems":true},"in2DMode":false,"pivot":{"x":-1.1261122226715088,"y":0.557824969291687,"z":-0.25029611587524416},"rotation":{"x":0.23086684942245484,"y":-0.10396277159452439,"z":0.024740811437368394,"w":0.967180609703064},"size":2.103844404220581,"orthographic":false}